﻿"Country Code","Short Name","Table Name","Long Name","2-alpha code","Currency Unit","Special Notes","Region","Income Group","WB-2 code","National accounts base year","National accounts reference year","SNA price valuation","Lending category","Other groups","System of National Accounts","Alternative conversion factor","PPP survey year","Balance of Payments Manual in use","External debt Reporting status","System of trade","Government Accounting concept","IMF data dissemination standard","Latest population census","Latest household survey","Source of most recent Income and expenditure data","Vital registration complete","Latest agricultural census","Latest industrial data","Latest trade data",
"AFG","Afghanistan","Afghanistan","Islamic State of Afghanistan","AF","Afghan afghani","Fiscal year end: March 20; reporting period for national accounts data is calendar year, estimated to insure consistency between national accounts and fiscal data. National accounts data are sourced from the IMF and differ from the Central Statistics Organization numbers due to exclusion of the opium economy.","South Asia","Low income","AF","2002/03","","Value added at basic prices (VAB)","IDA","HIPC","Country uses the 1993 System of National Accounts methodology","","","BPM6","Actual","General trade system","Consolidated central government","Enhanced General Data Dissemination System (e-GDDS)","1979","Demographic and Health Survey, 2015","Integrated household survey (IHS), 2011","","","","2017",
"AGO","Angola","Angola","People's Republic of Angola","AO","Angolan kwanza","","Sub-Saharan Africa","Lower middle income","AO","2002","","Value added at producer prices (VAP)","IBRD","","Country uses the 1993 System of National Accounts methodology","1991–96","2011","BPM6","Actual","Special trade system","Budgetary central government","Enhanced General Data Dissemination System (e-GDDS)","2014","Demographic and Health Survey, 2015/16","Integrated household survey (IHS), 2008/09","","","","2017",
"ALB","Albania","Albania","Republic of Albania","AL","Albanian lek","","Europe & Central Asia","Upper middle income","AL","Original chained constant price data are rescaled.","1996","Value added at basic prices (VAB)","IBRD","","Country uses the 2008 System of National Accounts methodology","","Rolling","BPM6","Actual","Special trade system","Consolidated central government","Enhanced General Data Dissemination System (e-GDDS)","2011","Demographic and Health Survey, 2008/09","Living Standards Measurement Study Survey (LSMS), 2012","Yes","2012","2013","2017",
"ARM","Armenia","Armenia","Republic of Armenia","AM","Armenian dram","","Europe & Central Asia","Upper middle income","AM","Original chained constant price data are rescaled.","1996","Value added at basic prices (VAB)","IBRD","","Country uses the 2008 System of National Accounts methodology","1990–95","2011","BPM6","Actual","General trade system","Consolidated central government","Special Data Dissemination Standard (SDDS)","2011","Demographic and Health Survey, 2015/16","Integrated household survey (IHS), 2015","Yes","2014","","2017",
"AZE","Azerbaijan","Azerbaijan","Republic of Azerbaijan","AZ","New Azeri manat","","Europe & Central Asia","Upper middle income","AZ","Original chained constant price data are rescaled.","2000","Value added at basic prices (VAB)","IBRD","","Country uses the 1993 System of National Accounts methodology","1992–95","2011","BPM6","Actual","General trade system","Consolidated central government","Enhanced General Data Dissemination System (e-GDDS)","2009","Demographic and Health Survey, 2006","Living Standards Measurement Study Survey (LSMS), 2012","Yes","2015","2013","2017",
"BDI","Burundi","Burundi","Republic of Burundi","BI","Burundi franc","","Sub-Saharan Africa","Low income","BI","2005","","Value added at basic prices (VAB)","IDA","HIPC","Country uses the 1993 System of National Accounts methodology","","2011","BPM6","Estimate","General trade system","Budgetary central government","Enhanced General Data Dissemination System (e-GDDS)","2008","Demographic and Health Survey, 2016","Core Welfare Indicator Questionnaire Survey (CWIQ), 2014","","","2012","2017",
"BEN","Benin","Benin","Republic of Benin","BJ","West African CFA franc","","Sub-Saharan Africa","Low income","BJ","2007","","Value added at basic prices (VAB)","IDA","HIPC","Country uses the 1993 System of National Accounts methodology","1992","2011","BPM6","Actual","General trade system","Budgetary central government","Enhanced General Data Dissemination System (e-GDDS)","2013","Multiple Indicator Cluster Survey, 2014","Core Welfare Indicator Questionnaire Survey (CWIQ), 2015","","","1981","2017",
"BFA","Burkina Faso","Burkina Faso","Burkina Faso","BF","West African CFA franc","","Sub-Saharan Africa","Low income","BF","1999","","Value added at basic prices (VAB)","IDA","HIPC","Country uses the 1993 System of National Accounts methodology","1992–93","2011","BPM6","Actual","General trade system","Budgetary central government","Enhanced General Data Dissemination System (e-GDDS)","2006","Living Standards Measurement Study, 2014; Malaria Indicator Survey, 2014","Core Welfare Indicator Questionnaire Survey (CWIQ), 2014","","2006-10","1983","2017",
"BGD","Bangladesh","Bangladesh","People's Republic of Bangladesh","BD","Bangladeshi taka","Fiscal year end: June 30; reporting period for national accounts data: FY.","South Asia","Lower middle income","BD","2005/06","","Value added at basic prices (VAB)","IDA","","Country uses the 1993 System of National Accounts methodology","","2011","BPM6","Actual","General trade system","Budgetary central government","Enhanced General Data Dissemination System (e-GDDS)","2011","Demographic and Health Survey, 2014","Integrated household survey (IHS), 2016","","2008","2011","2017",
"BGR","Bulgaria","Bulgaria","Republic of Bulgaria","BG","Bulgarian lev","","Europe & Central Asia","Upper middle income","BG","Original chained constant price data are rescaled.","2010","Value added at basic prices (VAB)","IBRD","","Country uses the 2008 System of National Accounts methodology","1978–89, 1991–92","Rolling","BPM6","Actual","Special trade system","Consolidated central government","Special Data Dissemination Standard Plus (SDDS+)","2011","Living Standards Measurement Study, 2007","Expenditure survey/budget survey (ES/BS), 2014","Yes","2010","2014","2017",
"BIH","Bosnia and Herzegovina","Bosnia and Herzegovina","Bosnia and Herzegovina","BA","Bosnia and Herzegovina convertible mark","","Europe & Central Asia","Upper middle income","BA","Original chained constant price data are rescaled.","2010","Value added at basic prices (VAB)","IBRD","","Country uses the 1993 System of National Accounts methodology","","Rolling","BPM6","Actual","Special trade system","Consolidated central government","Enhanced General Data Dissemination System (e-GDDS)","2013","Multiple Indicator Cluster Survey, 2011/12","Expenditure survey/budget survey (ES/BS), 2015","Yes","","2011","2017",
"BLR","Belarus","Belarus","Republic of Belarus","BY","Belarusian rubel","In July 2016 a new Belarusian ruble was introduced, at a rate of 1 new ruble = 10,000 old rubles. Local currency values in this database are in new rubels.","Europe & Central Asia","Upper middle income","BY","Original chained constant price data are rescaled.","2000","Value added at basic prices (VAB)","IBRD","","Country uses the 2008 System of National Accounts methodology","1990–95","2011","BPM6","Actual","General trade system","Consolidated central government","Special Data Dissemination Standard (SDDS)","2009","Multiple Indicator Cluster Survey, 2012","Integrated household survey (IHS), 2016","Yes","","2014","2017",
"BLZ","Belize","Belize","Belize","BZ","Belize dollar","","Latin America & Caribbean","Upper middle income","BZ","2000","","Value added at basic prices (VAB)","IBRD","","Country uses the 1993 System of National Accounts methodology","","2011","BPM6","Actual","General trade system","Budgetary central government","Enhanced General Data Dissemination System (e-GDDS)","2010","Multiple Indicator Cluster Survey, 2015/16","Labor force survey (LFS), 1999","","2011","1992","2017",
"BOL","Bolivia","Bolivia","Plurinational State of Bolivia","BO","Bolivian Boliviano","","Latin America & Caribbean","Lower middle income","BO","1990","","Value added at basic prices (VAB)","IBRD","HIPC","Country uses the 1968 System of National Accounts methodology","1960–85","2011","BPM6","Actual","General trade system","","Enhanced General Data Dissemination System (e-GDDS)","2012","Demographic and Health Survey, 2008","Integrated household survey (IHS), 2015","","2013","2010","2017",
"BRA","Brazil","Brazil","Federative Republic of Brazil","BR","Brazilian real","","Latin America & Caribbean","Upper middle income","BR","Original chained constant price data are rescaled.","2000","Value added at basic prices (VAB)","IBRD","","Country uses the 2008 System of National Accounts methodology","","2011","BPM6","Actual","Special trade system","Consolidated central government","Special Data Dissemination Standard (SDDS)","2010","Brazil National Demographic and Health Survey of Children and Women, 2006","Integrated household survey (IHS), 2015","","2006","2013","2017",
"BTN","Bhutan","Bhutan","Kingdom of Bhutan","BT","Bhutanese ngultrum","","South Asia","Lower middle income","BT","2000","","Value added at basic prices (VAB)","IDA","","Country uses the 1993 System of National Accounts methodology","","2011","BPM6","Actual","General trade system","Consolidated central government","Enhanced General Data Dissemination System (e-GDDS)","2005","Multiple Indicator Cluster Survey, 2010","Integrated household survey (IHS), 2012","","2009. Natural Resources Census, Livestock Census, Livestock and Aquaculture Census or Sample Agricultural Census.","","2017",
"BWA","Botswana","Botswana","Republic of Botswana","BW","Botswana pula","Fiscal year end: March 31; reporting period for national accounts data: CY. Based on official government statistics, national accounts data have been revised from 2006 onward; the new base year is 2006. Data before 2006 were reported on a fiscal year basis.","Sub-Saharan Africa","Upper middle income","BW","2006","","Value added at basic prices (VAB)","IBRD","","Country uses the 1993 System of National Accounts methodology","","2011","BPM6","Actual","General trade system","Budgetary central government","Enhanced General Data Dissemination System (e-GDDS)","2011","Demographic survey, 2006","Expenditure survey/budget survey (ES/BS), 2009/10","","2015","2013","2017",
"CAF","Central African Republic","Central African Republic","Central African Republic","CF","Central African CFA franc","The source of national accounts has changed to the International Monetary Fund. The base year has reverted back to 1985; the new reference year is 2005.","Sub-Saharan Africa","Low income","CF","2005","","Value added at basic prices (VAB)","IDA","HIPC","Country uses the 1968 System of National Accounts methodology","","2011","BPM5 (Converted into BPM6 by IMF)","Actual","General trade system","Budgetary central government","Enhanced General Data Dissemination System (e-GDDS)","2003","Multiple Indicator Cluster Survey, 2010","Priority survey (PS), 2008","","","1993","2017",
"CHN","China","China","People's Republic of China","CN","Chinese yuan","On 1 July 1997 China resumed its exercise of sovereignty over Hong Kong; and on 20 December 1999 China resumed its exercise of sovereignty over Macao. Unless otherwise noted, data for China do not include data for Hong Kong SAR, China; Macao SAR, China; or Taiwan, China. The new base year is 2015.","East Asia & Pacific","Upper middle income","CN","2015","","Value added at producer prices (VAP)","IBRD","","Country uses the 2008 System of National Accounts methodology","1978–93","2011","BPM6","Preliminary","General trade system","Consolidated central government","Special Data Dissemination Standard (SDDS)","2010","National Sample Survey on Population Changes, 2014","Integrated household survey (IHS), 2014","","2007","2007","2017",
"CIV","Côte d'Ivoire","Côte d'Ivoire","Republic of Côte d'Ivoire","CI","West African CFA franc","","Sub-Saharan Africa","Lower middle income","CI","2009","","Value added at basic prices (VAB)","IDA","HIPC","Country uses the 1993 System of National Accounts methodology","","2011","BPM6","Actual","Special trade system","Budgetary central government","Enhanced General Data Dissemination System (e-GDDS)","2014","Multiple Indicator Cluster Survey, 2016","Integrated household survey (IHS), 2015","","2014/15","1997","2017",
"CMR","Cameroon","Cameroon","Republic of Cameroon","CM","Central African CFA franc","National accounts data revised from 1993-2016.","Sub-Saharan Africa","Lower middle income","CM","2005","","Value added at basic prices (VAB)","Blend","HIPC","Country uses the 1993 System of National Accounts methodology","","2011","BPM6","Actual","Special trade system","","Enhanced General Data Dissemination System (e-GDDS)","2005","Multiple Indicator Cluster Survey, 2014","Priority survey (PS), 2014","","2013. Natural Resources Census, Livestock Census, Livestock and Aquaculture Census or Sample Agricultural Census.","2002","2017",
"COD","Dem. Rep. Congo","Congo, Dem. Rep.","Democratic Republic of the Congo","CD","Congolese franc","WB-3 code changed from ZAR to COD to align with ISO code.","Sub-Saharan Africa","Low income","ZR","2005","","Value added at basic prices (VAB)","IDA","HIPC","Country uses the 1993 System of National Accounts methodology","1999–2001","2011","BPM5 (Converted into BPM6 by IMF)","Preliminary","Special trade system","Budgetary central government","Enhanced General Data Dissemination System (e-GDDS)","1984","Demographic and Health Survey, 2013/14","1-2-3 survey (1-2-3), 2012/13","","","","2016",
"COG","Congo","Congo, Rep.","Republic of Congo","CG","Central African CFA franc","","Sub-Saharan Africa","Lower middle income","CG","1990","","Value added at producer prices (VAP)","Blend","HIPC","Country uses the 1968 System of National Accounts methodology","1993","2011","BPM6","Actual","Special trade system","Budgetary central government","Enhanced General Data Dissemination System (e-GDDS)","2007","Multiple Indicator Cluster Survey 2014/15","Core Welfare Indicator Questionnaire Survey (CWIQ)/Priority survey (PS), 2011","","2014/15","2009","2017",
"COL","Colombia","Colombia","Republic of Colombia","CO","Colombian peso","","Latin America & Caribbean","Upper middle income","CO","2005","","Value added at basic prices (VAB)","IBRD","","Country uses the 1993 System of National Accounts methodology","1992–94","2011","BPM6","Actual","Special trade system","Consolidated central government","Special Data Dissemination Standard (SDDS)","2006","Demographic and Health Survey, 2015/16","Integrated household survey (IHS), 2016","","2014/15","2012","2017",
"COM","Comoros","Comoros","Union of the Comoros","KM","Comorian franc","","Sub-Saharan Africa","Low income","KM","1990","","Value added at producer prices (VAP)","IDA","HIPC","Country uses the 1993 System of National Accounts methodology","","2011","BPM5 (Converted into BPM6 by IMF)","Actual","General trade system","","Enhanced General Data Dissemination System (e-GDDS)","2003","Demographic and Health Survey, 2012","Integrated household survey (IHS), 2013","","","","2017",
"CPV","Cabo Verde","Cabo Verde","Republic of Cabo Verde","CV","Cabo Verde escudo","Cabo Verde is the name for the country previously listed as Cape Verde. Value added is measured in basic prices.","Sub-Saharan Africa","Lower middle income","CV","2007","","Value added at basic prices (VAB)","Blend","","Country uses the 1993 System of National Accounts methodology","","2011","BPM6","Actual","General trade system","Consolidated central government","Enhanced General Data Dissemination System (e-GDDS)","2010","Demographic and Health Survey, 2005","Core Welfare Indicator Questionnaire Survey (CWIQ), 2007","Yes","2014/15","","2017",
"CRI","Costa Rica","Costa Rica","Republic of Costa Rica","CR","Costa Rican colon","National accounts are revised from 1991 to 2015 using SNA 2008 based on official government data. The new reference year is 2012. The country uses chain linked methedology.","Latin America & Caribbean","Upper middle income","CR","1991","2012","Value added at basic prices (VAB)","IBRD","","Country uses the 2008 System of National Accounts methodology","","2011","BPM6","Actual","General trade system","Consolidated central government","Special Data Dissemination Standard (SDDS)","2011","Multiple Indicator Cluster Survey, 2011","Integrated household survey (IHS), 2016","Yes","2014","2013","2017",
"DJI","Djibouti","Djibouti","Republic of Djibouti","DJ","Djibouti franc","","Middle East & North Africa","Lower middle income","DJ","1990","","Value added at basic prices (VAB)","IDA","","Country uses the 1993 System of National Accounts methodology","","2011","BPM5 (Converted into BPM6 by IMF)","Actual","General trade system","","Enhanced General Data Dissemination System (e-GDDS)","2009","Multiple Indicator Cluster Survey, 2006","Priority survey (PS), 2013","","2015. Natural Resources Census, Livestock Census, Livestock and Aquaculture Census or Sample Agricultural Census.","","2017",
"DMA","Dominica","Dominica","Commonwealth of Dominica","DM","East Caribbean dollar","","Latin America & Caribbean","Upper middle income","DM","2006","","Value added at basic prices (VAB)","Blend","","Country uses the 1993 System of National Accounts methodology","","2011","BPM6","Actual","Special trade system","Budgetary central government","Enhanced General Data Dissemination System (e-GDDS)","2011","","","Yes","2015","","2017",
"DOM","Dominican Republic","Dominican Republic","Dominican Republic","DO","Dominican peso","The Dominican Republic uses chain linked methodology.","Latin America & Caribbean","Upper middle income","DO","2007","","Value added at basic prices (VAB)","IBRD","","Country uses the 2008 System of National Accounts methodology","","2011","BPM6","Actual","General trade system","Consolidated central government","Enhanced General Data Dissemination System (e-GDDS)","2010","Multiple Indicator Cluster Survey, 2014","Integrated household survey (IHS), 2015","","","1984","2017",
"DZA","Algeria","Algeria","People's Democratic Republic of Algeria","DZ","Algerian dinar","The new base year is 1999.","Middle East & North Africa","Upper middle income","DZ","1999","","Value added at basic prices (VAB)","IBRD","","Country uses the 1993 System of National Accounts methodology","","2011","BPM6","Actual","Special trade system","Consolidated central government","Enhanced General Data Dissemination System (e-GDDS)","2008","Multiple Indicator Cluster Survey, 2012/13","Integrated household survey (IHS), 2011","","","2010","2017",
"EAP","East Asia & Pacific (excluding high income)","East Asia & Pacific (excluding high income)","East Asia & Pacific (excluding high income)","4E","","East Asia and Pacific regional aggregate (does not include high-income economies).","","","4E","","","","","","","","","","","","","","","","","","","","",
"ECA","Europe & Central Asia (excluding high income)","Europe & Central Asia (excluding high income)","Europe & Central Asia (excluding high income)","7E","","Europe and Central Asia regional aggregate (does not include high-income economies).","","","7E","","","","","","","","","","","","","","","","","","","","",
"ECU","Ecuador","Ecuador","Republic of Ecuador","EC","U.S. dollar","","Latin America & Caribbean","Upper middle income","EC","2007","","Value added at basic prices (VAB)","IBRD","","Country uses the 2008 System of National Accounts methodology","","2011","BPM5 (Converted into BPM6 by IMF)","Actual","Special trade system","","Special Data Dissemination Standard (SDDS)","2010","Reproductive Health Survey, 2004","Integrated household survey (IHS), 2015","","","2008","2017",
"EGY","Egypt","Egypt, Arab Rep.","Arab Republic of Egypt","EG","Egyptian pound","Fiscal year end: June 30; reporting period for national accounts data: FY.","Middle East & North Africa","Lower middle income","EG","2011/12","","Value added at basic prices (VAB)","IBRD","","Country uses the 1993 System of National Accounts methodology","","2011","BPM5 (Converted into BPM6 by IMF)","Actual","General trade system","Budgetary central government","Special Data Dissemination Standard (SDDS)","2006","Health Issues Survey, 2015","Expenditure survey/budget survey (ES/BS), 2015","Yes","2009/10","2012","2017",
"ERI","Eritrea","Eritrea","State of Eritrea","ER","Eritrean nakfa","","Sub-Saharan Africa","Low income","ER","2000","","Value added at basic prices (VAB)","IDA","HIPC","","","","BPM5 (Converted into BPM6 by IMF)","Estimate","","","","1984","Demographic and Health Survey, 2002","Priority survey (PS), 1993","","","2012","2017",
"ETH","Ethiopia","Ethiopia","Federal Democratic Republic of Ethiopia","ET","Ethiopian birr","Fiscal year end: July 7; reporting period for national accounts data: FY.","Sub-Saharan Africa","Low income","ET","20015/2016","","Value added at basic prices (VAB)","IDA","HIPC","Country uses the 1993 System of National Accounts methodology","","2011","BPM5 (Converted into BPM6 by IMF)","Actual","General trade system","Budgetary central government","Enhanced General Data Dissemination System (e-GDDS)","2007","Demographic and Health Survey, 2016","Expenditure survey/budget survey (ES/BS), 2010/11","","","2014","2017",
"FJI","Fiji","Fiji","Republic of Fiji","FJ","Fijian dollar","National accounts have been revised  based on the Fiji Bureau of Statistics and World Bank estimates. The base year is 2011.","East Asia & Pacific","Upper middle income","FJ","2011","","Value added at basic prices (VAB)","IBRD","","Country uses the 2008 System of National Accounts methodology","","2011","BPM6","Actual","General trade system","Budgetary central government","Enhanced General Data Dissemination System (e-GDDS)","2007","","Expenditure survey/budget survey (ES/BS), 2013","Yes","2009","2011","2017",
"GAB","Gabon","Gabon","Gabonese Republic","GA","Central African CFA franc","","Sub-Saharan Africa","Upper middle income","GA","2001","","Value added at basic prices (VAB)","IBRD","","Country uses the 1993 System of National Accounts methodology","1993","2011","BPM5 (Converted into BPM6 by IMF)","Actual","Special trade system","","Enhanced General Data Dissemination System (e-GDDS)","2013","Demographic and Health Survey, 2012","Core Welfare Indicator Questionnaire Survey (CWIQ)/Integrated household survey (IHS), 2005","","","1995","2017",
"GEO","Georgia","Georgia","Georgia","GE","Georgian lari","","Europe & Central Asia","Lower middle income","GE","1996","","Value added at basic prices (VAB)","IBRD","","Country uses the 1993 System of National Accounts methodology","1990–95","2011","BPM6","Actual","General trade system","Consolidated central government","Special Data Dissemination Standard (SDDS)","2014","Georgia Reproductive Health Survey, 2010","Integrated household survey (IHS), 2016","Yes","","2013","2017",
"GHA","Ghana","Ghana","Republic of Ghana","GH","New Ghanaian cedi","","Sub-Saharan Africa","Lower middle income","GH","2006","","Value added at basic prices (VAB)","IDA","HIPC","Country uses the 1993 System of National Accounts methodology","1973–87","2011","BPM6","Actual","General trade system","Consolidated central government","Enhanced General Data Dissemination System (e-GDDS)","2010","Malaria Indicator Survey, 2016","Living Standards Measurement Study Survey (LSMS), 2012","","","2003","2017",
"GIN","Guinea","Guinea","Republic of Guinea","GN","Guinean franc","Base Year is 2003 and 2010 is the Reference Year and national data revised.","Sub-Saharan Africa","Low income","GN","2003","2010","Value added at basic prices (VAB)","IDA","HIPC","Country uses the 1993 System of National Accounts methodology","","2011","BPM6","Actual","Special trade system","","Enhanced General Data Dissemination System (e-GDDS)","2014","Multiple Indicator Cluster Survey, 2016","Core Welfare Indicator Questionnaire Survey (CWIQ), 2012","","","","2017",
"GMB","The Gambia","Gambia, The","Republic of The Gambia","GM","Gambian dalasi","Fiscal year end: June 30; reporting period for national accounts data: CY.Value added is measured in basic prices.","Sub-Saharan Africa","Low income","GM","2004","","Value added at basic prices (VAB)","IDA","HIPC","Country uses the 1993 System of National Accounts methodology","","2011","BPM5 (Converted into BPM6 by IMF)","Actual","General trade system","Consolidated central government","Enhanced General Data Dissemination System (e-GDDS)","2013","Demographic and Health Survey, 2013","Integrated household survey (IHS), 2010","","2011/12","2004","2017",
"GNB","Guinea-Bissau","Guinea-Bissau","Republic of Guinea-Bissau","GW","West African CFA franc","","Sub-Saharan Africa","Low income","GW","2005","","Value added at basic prices (VAB)","IDA","HIPC","Country uses the 1993 System of National Accounts methodology","","2011","BPM6","Estimate","General trade system","","Enhanced General Data Dissemination System (e-GDDS)","2009","Multiple Indicator Cluster Survey, 2014","Core Welfare Indicator Questionnaire Survey (CWIQ), 2010","","","","2017",
"GRD","Grenada","Grenada","Grenada","GD","East Caribbean dollar","","Latin America & Caribbean","Upper middle income","GD","2006","","Value added at basic prices (VAB)","Blend","","Country uses the 1993 System of National Accounts methodology","","2011","BPM6","Actual","Special trade system","Budgetary central government","Enhanced General Data Dissemination System (e-GDDS)","2011","Reproductive Health Survey, 1985","","Yes","2012","","2017",
"GTM","Guatemala","Guatemala","Republic of Guatemala","GT","Guatemalan quetzal","The country uses chain linked metheodology.","Latin America & Caribbean","Upper middle income","GT","2001","","Value added at basic prices (VAB)","IBRD","","Country uses the 1993 System of National Accounts methodology","","2011","BPM6","Actual","General trade system","Budgetary central government","Enhanced General Data Dissemination System (e-GDDS)","2002","Demographic and Health Survey, 2014/15","Living Standards Measurement Study Survey (LSMS), 2014","Yes","2013","1988","2017",
"GUY","Guyana","Guyana","Co-operative Republic of Guyana","GY","Guyana dollar","","Latin America & Caribbean","Upper middle income","GY","2006","","Value added at basic prices (VAB)","IDA","HIPC","Country uses the 1993 System of National Accounts methodology","","","BPM6","Actual","Special trade system","","Enhanced General Data Dissemination System (e-GDDS)","2012","Multiple Indicator Cluster Survey, 2014","Integrated household survey (IHS), 1998","","","","2017",
"HND","Honduras","Honduras","Republic of Honduras","HN","Honduran lempira","","Latin America & Caribbean","Lower middle income","HN","2000","","Value added at basic prices (VAB)","IDA","HIPC","Country uses the 1993 System of National Accounts methodology","1988–89","2011","BPM5 (Converted into BPM6 by IMF)","Actual","Special trade system","Consolidated central government","Enhanced General Data Dissemination System (e-GDDS)","2013","Demographic and Health Survey, 2011/12","Integrated household survey (IHS), 2015","","","1996","2017",
"HTI","Haiti","Haiti","Republic of Haiti","HT","Haitian gourde","Fiscal year end: September 30; reporting period for national accounts data: FY.","Latin America & Caribbean","Low income","HT","1986/87","","Value added at basic prices (VAB)","IDA","HIPC","Country uses the 1968 System of National Accounts methodology","1991","2011","BPM5 (Converted into BPM6 by IMF)","Actual","General trade system","","Enhanced General Data Dissemination System (e-GDDS)","2003","Demographic and Health Survey, 2016","Integrated household survey (IHS), 2012","","2008/09","","2017",
"IDN","Indonesia","Indonesia","Republic of Indonesia","ID","Indonesian rupiah","Fiscal year end: March 31; reporting period for national accounts data: CY. Data for Indonesia include Timor-Leste through 1999 unless otherwise noted. Statistics Indonesia revised national accounts based on SNA2008. The base year is 2010. Price valuation is in basic prices.","East Asia & Pacific","Lower middle income","ID","2010","","Value added at basic prices (VAB)","IBRD","","Country uses the 2008 System of National Accounts methodology","","2011","BPM6","Actual","General trade system","Consolidated central government","Special Data Dissemination Standard (SDDS)","2010","Demographic and Health Survey, 2012","Integrated household survey (IHS), 2016","","2013","2013","2017",
"IDX","IDA only","IDA only","IDA only","XI","","IDA only group aggregate.","","","XI","","","","","","","","","","","","","","","","","","","","",
"IND","India","India","Republic of India","IN","Indian rupee","Fiscal year end: March 31; reporting period for national accounts data: FY. Based on official government statistics; the new base year is 2011/12. India reports using SNA 2008.","South Asia","Lower middle income","IN","2011/12","","Value added at basic prices (VAB)","IBRD","","Country uses the 2008 System of National Accounts methodology","","2011","BPM6","Actual","General trade system","Consolidated central government","Special Data Dissemination Standard (SDDS)","2011","Demographic and Health Survey, 2015/16","Integrated household survey (IHS), 2011/12","","2010/11","2014","2017",
"IRN","Iran","Iran, Islamic Rep.","Islamic Republic of Iran","IR","Iranian rial","Fiscal year end: March 20; reporting period for national accounts data: FY. Based on data from the Central Bank of Iran, the new base year is 2011/12.","Middle East & North Africa","Upper middle income","IR","2011","","Value added at basic prices (VAB)","IBRD","","Country uses the 1993 System of National Accounts methodology","1980–2002","2011","BPM5 (Converted into BPM6 by IMF)","Actual","Special trade system","Consolidated central government","Enhanced General Data Dissemination System (e-GDDS)","2011","Iran’s Multiple Indicator Demographic and Health Survey, 2010","Expenditure survey/budget survey (ES/BS), 2014","Yes","2014","2014","2017",
"JAM","Jamaica","Jamaica","Jamaica","JM","Jamaican dollar","","Latin America & Caribbean","Upper middle income","JM","2007","","Value added at basic prices (VAB)","IBRD","","Country uses the 1993 System of National Accounts methodology","","2011","BPM6","Actual","Special trade system","Budgetary central government","Enhanced General Data Dissemination System (e-GDDS)","2011","Multiple Indicator Cluster Survey, 2011","Living Standards Measurement Study Survey (LSMS), 2012","","2007","1996","2017",
"JOR","Jordan","Jordan","Hashemite Kingdom of Jordan","JO","Jordanian dinar","Expenditure data from 2010 removed as they are estimates.","Middle East & North Africa","Upper middle income","JO","1994","","Value added at basic prices (VAB)","IBRD","","Country uses the 1968 System of National Accounts methodology","","2011","BPM6","Actual","Special trade system","Budgetary central government","Special Data Dissemination Standard (SDDS)","2015","Demographic and Health Survey, 2012","Expenditure survey/budget survey (ES/BS), 2010","","2007","2013","2017",
"KAZ","Kazakhstan","Kazakhstan","Republic of Kazakhstan","KZ","Kazakh tenge","","Europe & Central Asia","Upper middle income","KZ","Original chained constant price data are rescaled.","2005","Value added at basic prices (VAB)","IBRD","","Country uses the 1993 System of National Accounts methodology","1987–95","2011","BPM6","Actual","General trade system","Consolidated central government","Special Data Dissemination Standard (SDDS)","2009","Multiple Indicator Cluster Survey, 2015","Expenditure survey/budget survey (ES/BS), 2015","Yes","2006/07","2013","2017",
"KEN","Kenya","Kenya","Republic of Kenya","KE","Kenyan shilling","Fiscal year end: June 30; reporting period for national accounts data: CY.","Sub-Saharan Africa","Lower middle income","KE","2009","","Value added at basic prices (VAB)","IDA Blend","","Country uses the 2008 System of National Accounts methodology","","2011","BPM6","Actual","General trade system","Consolidated central government","Enhanced General Data Dissemination System (e-GDDS)","2009","Malaria Indicator Survey, 2015","Integrated household survey (IHS), 2005/06","","","2013","2017",
"KGZ","Kyrgyz Republic","Kyrgyz Republic","Kyrgyz Republic","KG","Kyrgyz som","","Europe & Central Asia","Lower middle income","KG","1995","","Value added at basic prices (VAB)","IDA","HIPC","","1990–95","2011","BPM6","Actual","General trade system","Consolidated central government","Special Data Dissemination Standard (SDDS)","2009","Multiple Indicator Cluster Survey, 2014","Integrated household survey (IHS), 2015","Yes","","2012","2017",
"KHM","Cambodia","Cambodia","Kingdom of Cambodia","KH","Cambodian riel","","East Asia & Pacific","Lower middle income","KH","2000","","Value added at basic prices (VAB)","IDA","","Country uses the 1993 System of National Accounts methodology","","2011","BPM6","Actual","General trade system","Budgetary central government","Enhanced General Data Dissemination System (e-GDDS)","2008","Demographic and Health Survey, 2014","Integrated household survey (IHS), 2012","","2013","2000","2017",
"LAC","Latin America & Caribbean (excluding high income)","Latin America & Caribbean (excluding high income)","Latin America & Caribbean (excluding high income)","XJ","","Latin America and Caribbean regional aggregate (does not include high-income economies).","","","XJ","","","","","","","","","","","","","","","","","","","","",
"LAO","Lao PDR","Lao PDR","Lao People's Democratic Republic","LA","Lao kip","New base Year 2012.","East Asia & Pacific","Lower middle income","LA","2012","","Value added at basic prices (VAB)","IDA","","Country uses the 2008 System of National Accounts methodology","","2011","BPM5 (Converted into BPM6 by IMF)","Actual","Special trade system","Budgetary central government","","2015","Multiple Indicator Cluster Survey/Demographic and Health Survey, 2011/12","Expenditure survey/budget survey (ES/BS), 2012","","2010/11","1999","2016",
"LBN","Lebanon","Lebanon","Lebanese Republic","LB","Lebanese pound","The new reference year is 2010.","Middle East & North Africa","Upper middle income","LB","2010","","Value added at basic prices (VAB)","IBRD","","Country uses the 2008 System of National Accounts methodology","","2011","BPM5 (Converted into BPM6 by IMF)","Actual","Special trade system","Budgetary central government","Enhanced General Data Dissemination System (e-GDDS)","1943","Family Health Survey, 2004","Expenditure survey/budget survey (ES/BS), 2011/12","Yes","2010","2007","2017",
"LBR","Liberia","Liberia","Republic of Liberia","LR","U.S. dollar","National accounts local currency data have been revised to be reported in U.S. dollars instead of Liberian dollars.","Sub-Saharan Africa","Low income","LR","2000","","Value added at producer prices (VAP)","IDA","HIPC","Country uses the 1993 System of National Accounts methodology","","2011","BPM6","Actual","Special trade system","Consolidated central government","Enhanced General Data Dissemination System (e-GDDS)","2008","Malaria Indicator Survey, 2016","Expenditure survey/budget survey (ES/BS), 2014","","","","2016",
"LCA","St. Lucia","St. Lucia","St. Lucia","LC","East Caribbean dollar","St. Lucia has changed the data source from Eastern Caribbean Central Bank to the Central Statistical Office of St. Lucia.","Latin America & Caribbean","Upper middle income","LC","2006","","Value added at basic prices (VAB)","Blend","","Country uses the 1993 System of National Accounts methodology","","2011","BPM6","Actual","General trade system","Budgetary central government","Enhanced General Data Dissemination System (e-GDDS)","2010","Multiple Indicator Cluster Survey, 2012","Integrated household survey (IHS), 1995","Yes","2007","1997","2017",
"LDC","Least developed countries: UN classification","Least developed countries: UN classification","Least developed countries: UN classification","XL","","Least developed countries (UN classification) aggregate.","","","XL","","","","","","","","","","","","","","","","","","","","",
"LIC","Low income","Low income","Low income","XM","","Low income group aggregate. Low-income economies are those in which 2015 GNI per capita was $1,025 or less.","","","XM","","","","","","","","","","","","","","","","","","","","",
"LKA","Sri Lanka","Sri Lanka","Democratic Socialist Republic of Sri Lanka","LK","Sri Lankan rupee","Bureau of Census and Statistics revised national accounts from 2010-2015. Value added is in basic prices; prior to 2010 in producer prices.","South Asia","Lower middle income","LK","2010","","Value added at basic prices (VAB)","IBRD","","Country uses the 2008 System of National Accounts methodology","","2011","BPM6","Actual","General trade system","Budgetary central government","Special Data Dissemination Standard (SDDS)","2012","Demographic and Health Survey, 2006/07","Expenditure survey/budget survey (ES/BS), 2012/13","Yes","2013","2012","2017",
"LMC","Lower middle income","Lower middle income","Lower middle income","XN","","Lower middle income group aggregate. Lower-middle-income economies are those in which 2015 GNI per capita was between $1,026 and $4,035.","","","XN","","","","","","","","","","","","","","","","","","","","",
"LMY","Low & middle income","Low & middle income","Low & middle income","XO","","Low and middle income group aggregate (all developing economies). Low- and middle-income economies are those in which 2015 GNI per capita was $12,475 or less.","","","XO","","","","","","","","","","","","","","","","","","","","",
"LSO","Lesotho","Lesotho","Kingdom of Lesotho","LS","Lesotho loti","Fiscal year end: March 31; reporting period for national accounts data: CY. The new base year is 2012.","Sub-Saharan Africa","Lower middle income","LS","2012","","Value added at basic prices (VAB)","IDA","","Country uses the 1993 System of National Accounts methodology","","2011","BPM6","Actual","General trade system","Budgetary central government","Enhanced General Data Dissemination System (e-GDDS)","2016","Demographic and Health Survey, 2014","Expenditure survey/budget survey (ES/BS), 2010","","2010","1985","2017",
"MAR","Morocco","Morocco","Kingdom of Morocco","MA","Moroccan dirham","","Middle East & North Africa","Lower middle income","MA","2007","","Value added at basic prices (VAB)","IBRD","","Country uses the 2008 System of National Accounts methodology","","2011","BPM6","Actual","Special trade system","Budgetary central government","Special Data Dissemination Standard (SDDS)","2014","Morocco National Survey on Population and Family Health, 2011","Expenditure survey/budget survey (ES/BS), 2007","","","2013","2017",
"MDA","Moldova","Moldova","Republic of Moldova","MD","Moldovan leu","","Europe & Central Asia","Lower middle income","MD","2000","","Value added at basic prices (VAB)","Blend","","","1990–95","2011","BPM6","Actual","General trade system","Consolidated central government","Special Data Dissemination Standard (SDDS)","2014","Multiple Indicator Cluster Survey, 2012","Expenditure survey/budget survey (ES/BS), 2015","Yes","2011","2012","2017",
"MDG","Madagascar","Madagascar","Republic of Madagascar","MG","Malagasy ariary","","Sub-Saharan Africa","Low income","MG","1984","","Value added at basic prices (VAB)","IDA","HIPC","Country uses the 1968 System of National Accounts methodology","","2011","BPM6","Actual","General trade system","Budgetary central government","Enhanced General Data Dissemination System (e-GDDS)","1993","Malaria Indicator Survey, 2016","Priority survey (PS), 2012","","","2006","2017",
"MDV","Maldives","Maldives","Republic of Maldives","MV","Maldivian rufiyaa","New Base year 2014","South Asia","Upper middle income","MV","2014","","Value added at basic prices (VAB)","IDA","","Country uses the 1993 System of National Accounts methodology","","2011","BPM6","Actual","General trade system","Consolidated central government","Enhanced General Data Dissemination System (e-GDDS)","2014","Demographic and Health Survey, 2009","Integrated household survey (IHS), 2009/10","Yes","","","2017",
"MEX","Mexico","Mexico","United Mexican States","MX","Mexican peso","","Latin America & Caribbean","Upper middle income","MX","2013","","Value added at basic prices (VAB)","IBRD","","Country uses the 2008 System of National Accounts methodology","","2011","BPM6","Actual","General trade system","Consolidated central government","Special Data Dissemination Standard (SDDS)","2010","Multiple Indicator Cluster Survey, 2015","Integrated household survey (IHS), 2015","Yes","2007","2013","2017",
"MIC","Middle income","Middle income","Middle income","XP","","Middle income group aggregate. Middle-income economies are those in which 2015 GNI per capita was between $1,026 and $12,475.","","","XP","","","","","","","","","","","","","","","","","","","","",
"MKD","Macedonia","Macedonia, FYR","Former Yugoslav Republic of Macedonia","MK","Macedonian denar","","Europe & Central Asia","Upper middle income","MK","2005","","Value added at basic prices (VAB)","IBRD","","","","Rolling","BPM6","Actual","Special trade system","Consolidated central government","Special Data Dissemination Standard (SDDS)","2002","Multiple Indicator Cluster Survey, 2011","Expenditure survey/budget survey (ES/BS), 2014","Yes","2007","2010","2014",
"MLI","Mali","Mali","Republic of Mali","ML","West African CFA franc","The new base year is 1999.","Sub-Saharan Africa","Low income","ML","1999","","Value added at basic prices (VAB)","IDA","HIPC","Country uses the 1993 System of National Accounts methodology","","2011","BPM6","Estimate","General trade system","Budgetary central government","Enhanced General Data Dissemination System (e-GDDS)","2009","Multiple Indicator Cluster Survey, 2015; Malaria Indicator Survey, 2015","Integrated household survey (IHS), 2009/10","","","","2017",
"MMR","Myanmar","Myanmar","Republic of the Union of Myanmar","MM","Myanmar kyat","Fiscal year end: March 31; reporting period for national accounts data: FY. Based on the government’s Planning Department and the IMF national accounts have been revised from 2010 to 2015. The new base year is 2010/11.","East Asia & Pacific","Lower middle income","MM","2010","","Value added at producer prices (VAP)","IDA","","Country uses the 1968 System of National Accounts methodology","","2011","BPM6","Estimate","General trade system","Consolidated central government","Enhanced General Data Dissemination System (e-GDDS)","2014","Demographic and Health Survey, 2015/16","Integrated household survey (IHS), 2015","","2010","","2017",
"MNA","Middle East & North Africa (excluding high income)","Middle East & North Africa (excluding high income)","Middle East & North Africa (excluding high income)","XQ","","Middle East and North Africa regional aggregate (does not include high-income economies).","","","XQ","","","","","","","","","","","","","","","","","","","","",
"MNE","Montenegro","Montenegro","Montenegro","ME","Euro","Montenegro declared independence from Serbia and Montenegro on June 3, 2006. Where available, data for each country are shown separately. However, for Serbia, some indicators continue to include data for Montenegro through 2005.","Europe & Central Asia","Upper middle income","ME","Original chained constant price data are rescaled.","2000","Value added at basic prices (VAB)","IBRD","","Country uses the 2008 System of National Accounts methodology","","Rolling","BPM6","Actual","Special trade system","","Enhanced General Data Dissemination System (e-GDDS)","2011","Multiple Indicator Cluster Survey, 2013","Expenditure survey/budget survey (ES/BS), 2014","Yes","2010","","2017",
"MNG","Mongolia","Mongolia","Mongolia","MN","Mongolian tugrik","","East Asia & Pacific","Lower middle income","MN","2010","","Value added at basic prices (VAB)","Blend","","Country uses the 2008 System of National Accounts methodology","","2011","BPM6","Actual","General trade system","Consolidated central government","Enhanced General Data Dissemination System (e-GDDS)","2010","Multiple Indicator Cluster Survey, 2013/14","Living Standards Measurement Study Survey (LSMS), 2014","Yes","2011","2011","2017",
"MOZ","Mozambique","Mozambique","Republic of Mozambique","MZ","New Mozambican metical","","Sub-Saharan Africa","Low income","MZ","2009","","Value added at basic prices (VAB)","IDA","HIPC","Country uses the 1993 System of National Accounts methodology","1992–95","2011","BPM6","Actual","General trade system","Budgetary central government","Enhanced General Data Dissemination System (e-GDDS)","2007","AIDS Indicator Survey, 2015","Expenditure survey/budget survey (ES/BS), 2008/09","","2009/10","1973","2017",
"MRT","Mauritania","Mauritania","Islamic Republic of Mauritania","MR","Mauritanian ouguiya","Based on official statistics from the Ministry of Economic Affairs and Development and ONS – Office National des Statistique; the base year has been returned to 2004.","Sub-Saharan Africa","Lower middle income","MR","2004","","Value added at basic prices (VAB)","IDA","HIPC","Country uses the 1993 System of National Accounts methodology","","2011","BPM6","Actual","General trade system","","Enhanced General Data Dissemination System (e-GDDS)","2013","Multiple Indicator Cluster Survey, 2015","Integrated household survey (IHS), 2014","","","","2017",
"MUS","Mauritius","Mauritius","Republic of Mauritius","MU","Mauritian rupee","Authorities made significant revisions to the national accounts from 2006 to 2015.","Sub-Saharan Africa","Upper middle income","MU","2006","","Value added at basic prices (VAB)","IBRD","","Country uses the 2008 System of National Accounts methodology","","2011","BPM6","Actual","General trade system","Consolidated central government","Special Data Dissemination Standard (SDDS)","2011","World Health Survey, 2003","Integrated household survey (IHS), 2012","Yes","2014","2012","2017",
"MWI","Malawi","Malawi","Republic of Malawi","MW","Malawi kwacha","Fiscal year end: March 31; reporting period for national accounts data: CY. The new base year is 2010.","Sub-Saharan Africa","Low income","MW","2010","","Value added at basic prices (VAB)","IDA","HIPC","Country uses the 1993 System of National Accounts methodology","","2011","BPM6","Actual","General trade system","Budgetary central government","Enhanced General Data Dissemination System (e-GDDS)","2008","Demographic and Health Survey, 2015/16","Integrated household survey (IHS), 2010/11","","2006/07","2012","2017",
"NER","Niger","Niger","Republic of Niger","NE","West African CFA franc","Value added is measured in basic prices.","Sub-Saharan Africa","Low income","NE","2006","","Value added at basic prices (VAB)","IDA","HIPC","Country uses the 1993 System of National Accounts methodology","1993","2011","BPM6","Actual","General trade system","","Enhanced General Data Dissemination System (e-GDDS)","2012","Living Standards Measurement Study, 2014","Core Welfare Indicator Questionnaire Survey (CWIQ)/Priority survey (PS), 2014","","2004-08","2002","2017",
"NGA","Nigeria","Nigeria","Federal Republic of Nigeria","NG","Nigerian naira","","Sub-Saharan Africa","Lower middle income","NG","2010","","Value added at basic prices (VAB)","Blend","","Country uses the 2008 System of National Accounts methodology","1971–98","2011","BPM6","Estimate","General trade system","Budgetary central government","Enhanced General Data Dissemination System (e-GDDS)","2006","Malaria Indicator Survey, 2015","Integrated household survey (IHS), 2009/10","","2013","1996","2017",
"NIC","Nicaragua","Nicaragua","Republic of Nicaragua","NI","Nicaraguan gold cordoba","Country has 1994 as the base year and 2006 as the reference year. The country uses chain linked methodology.","Latin America & Caribbean","Lower middle income","NI","1994","2006","Value added at basic prices (VAB)","IDA","HIPC","Country uses the 1993 System of National Accounts methodology","1965–95","2011","BPM6","Actual","General trade system","Budgetary central government","Enhanced General Data Dissemination System (e-GDDS)","2005","Reproductive Health Survey, 2006/2007","Living Standards Measurement Study Survey (LSMS), 2016","","2011","1985","2017",
"NPL","Nepal","Nepal","Nepal","NP","Nepalese rupee","Fiscal year end: July 14; reporting period for national accounts data: FY.","South Asia","Low income","NP","2000/01","","Value added at basic prices (VAB)","IDA","","Country uses the 1993 System of National Accounts methodology","","2011","BPM5 (Converted into BPM6 by IMF)","Actual","General trade system","Budgetary central government","Enhanced General Data Dissemination System (e-GDDS)","2011","Demographic and Health Survey, 2016","Living Standards Measurement Study Survey (LSMS), 2010/11","","2011/12","2011","2017",
"PAK","Pakistan","Pakistan","Islamic Republic of Pakistan","PK","Pakistani rupee","Fiscal year end: June 30; reporting period for national accounts data: FY.","South Asia","Lower middle income","PK","2005/06","","Value added at basic prices (VAB)","Blend","","Country uses the 2008 System of National Accounts methodology","","2011","BPM6","Actual","General trade system","Budgetary central government","Enhanced General Data Dissemination System (e-GDDS)","1998","Demographic and Health Survey, 2012/13","Integrated household survey (IHS), 2013/14","","2010","2006","2017",
"PER","Peru","Peru","Republic of Peru","PE","Peruvian new sol","","Latin America & Caribbean","Upper middle income","PE","2007","","Value added at basic prices (VAB)","IBRD","","Country uses the 2008 System of National Accounts methodology","1985–90","2011","BPM5 (Converted into BPM6 by IMF)","Actual","Special trade system","Consolidated central government","Special Data Dissemination Standard (SDDS)","2007","Continuous Demographic and Health Survey, 2014","Integrated household survey (IHS), 2016","","2012","2011","2017",
"PHL","Philippines","Philippines","Republic of the Philippines","PH","Philippine peso","","East Asia & Pacific","Lower middle income","PH","2000","","Value added at producer prices (VAP)","IBRD","","Country uses the 2008 System of National Accounts methodology","","2011","BPM6","Actual","General trade system","Budgetary central government","Special Data Dissemination Standard (SDDS)","2015","Demographic and Health Survey, 2013","Expenditure survey/budget survey (ES/BS), 2015","Yes","2012","2012","2017",
"PNG","Papua New Guinea","Papua New Guinea","The Independent State of Papua New Guinea","PG","Papua New Guinea kina","Based on revised data from the National Statistical Office - New base year 2013","East Asia & Pacific","Lower middle income","PG","2013","","Value added at basic prices (VAB)","Blend","","Country uses the 1993 System of National Accounts methodology","1989","2011 (household consumption only).","BPM5 (Converted into BPM6 by IMF)","Actual","General trade system","Budgetary central government","Enhanced General Data Dissemination System (e-GDDS)","2011","Demographic and Health Survey, 2017","Integrated household survey (IHS), 2009/10","","","1987","2017",
"PRY","Paraguay","Paraguay","Republic of Paraguay","PY","Paraguayan guarani","","Latin America & Caribbean","Upper middle income","PY","1994","","Value added at basic prices (VAB)","IBRD","","Country uses the 1993 System of National Accounts methodology","","2011","BPM5 (Converted into BPM6 by IMF)","Actual","General trade system","Consolidated central government","Enhanced General Data Dissemination System (e-GDDS)","2012","Reproductive Health Survey, 2008","Integrated household survey (IHS), 2015","","2008","2010","2017",
"ROU","Romania","Romania","Romania","RO","New Romanian leu","WB-3 code changed from ROM to ROU to align with ISO code.","Europe & Central Asia","Upper middle income","RO","Original chained constant price data are rescaled.","2005","Value added at basic prices (VAB)","IBRD","","Country uses the 2008 System of National Accounts methodology","1987–89, 1992","Rolling","BPM6","Actual","Special trade system","Consolidated central government","Special Data Dissemination Standard (SDDS)","2011","Romania Reproductive Health Survey, 2004","Expenditure survey/budget survey (ES/BS), 2013","Yes","2010","2013","2017",
"RUS","Russia","Russian Federation","Russian Federation","RU","Russian ruble","","Europe & Central Asia","Upper middle income","RU","2016","","Value added at basic prices (VAB)","IBRD","","Country uses the 1993 System of National Accounts methodology","1987–95","2011","BPM6","Preliminary","General trade system","Consolidated central government","Special Data Dissemination Standard (SDDS)","2010","Russian Federation Reproductive Health Survey, 2011","Expenditure survey/budget survey (ES/BS), 2016","Yes","2006","2014","2017",
"RWA","Rwanda","Rwanda","Republic of Rwanda","RW","Rwandan franc","The New Base Year is 2014.","Sub-Saharan Africa","Low income","RW","2014","","Value added at basic prices (VAB)","IDA","HIPC","Country uses the 1993 System of National Accounts methodology","1994","2011","BPM6","Actual","General trade system","Budgetary central government","Enhanced General Data Dissemination System (e-GDDS)","2012","Demographic and Health Survey, 2014/15","Integrated household survey (IHS), 2013/14","","2013","1999","2017",
"SAS","South Asia","South Asia","South Asia","8S","","South Asia regional aggregate. There are no economies in South Asia classified as high income.","","","8S","","","","","","","","","","","","","","","","","","","","",
"SDN","Sudan","Sudan","Republic of the Sudan","SD","Sudanese pound","Demographic data (total population, life expectancy, fertility, child mortality, migration), education series, and HIV prevalence are reported separately for Sudan and South Sudan; see specific notes for other series. National accounts data exclude South Sudan after July 9, 2011. Other data reported for Sudan generally include South Sudan to 2011 unless otherwise noted. External debt data and land-related data (including population density, but excluding surface area after 2010) for all years include South Sudan.","Sub-Saharan Africa","Lower middle income","SD","1996","","Value added at basic prices (VAB)","IDA","HIPC","Country uses the 1968 System of National Accounts methodology","","2011","BPM6","Preliminary","General trade system","","Enhanced General Data Dissemination System (e-GDDS)","2008","Multiple Indicator Cluster Survey, 2014","Expenditure survey/budget survey (ES/BS), 2009","","2015","2001","2017",
"SEN","Senegal","Senegal","Republic of Senegal","SN","West African CFA franc","","Sub-Saharan Africa","Low income","SN","1999","","Value added at basic prices (VAB)","IDA","HIPC","Country uses the 1993 System of National Accounts methodology","","2011","BPM6","Actual","General trade system","Budgetary central government","Special Data Dissemination Standard (SDDS)","2013","Continuous Demographic and Health Survey, 2015","Priority survey (PS), 2011/12","","2014","2012","2017",
"SLB","Solomon Islands","Solomon Islands","Solomon Islands","SB","Solomon Islands dollar","","East Asia & Pacific","Lower middle income","SB","2004","","Value added at basic prices (VAB)","IDA","","Country uses the 1993 System of National Accounts methodology","","2011 (household consumption only).","BPM6","Actual","Special trade system","Budgetary central government","Enhanced General Data Dissemination System (e-GDDS)","2009","Solomon Islands Demographic and Health Survey, 2006/07","Integrated household survey (IHS), 2012/13","","","","2017",
"SLE","Sierra Leone","Sierra Leone","Republic of Sierra Leone","SL","Sierra Leonean leone","Fiscal year end: June 30; reporting period for national accounts data: CY.","Sub-Saharan Africa","Low income","SL","2006","","Value added at basic prices (VAB)","IDA","HIPC","Country uses the 1993 System of National Accounts methodology","","2011","BPM5 (Converted into BPM6 by IMF)","Actual","General trade system","Consolidated central government","Enhanced General Data Dissemination System (e-GDDS)","2015","Malaria Indicator Survey, 2016","Integrated household survey (IHS), 2011","","","1993","2017",
"SLV","El Salvador","El Salvador","Republic of El Salvador","SV","U.S. dollar","","Latin America & Caribbean","Lower middle income","SV","2005","2014","Value added at basic prices (VAB)","IBRD","","Country uses the 2008 System of National Accounts methodology","","2011","BPM6","Actual","General trade system","Consolidated central government","Special Data Dissemination Standard (SDDS)","2007","Multiple Indicator Cluster Survey, 2014","Integrated household survey (IHS), 2016","Yes","2007/08","1998","2017",
"SOM","Somalia","Somalia","Somali Democratic Republic","SO","Somali shilling","","Sub-Saharan Africa","Low income","SO","1985","","Value added at basic prices (VAB)","IDA","HIPC","Country uses the 1968 System of National Accounts methodology","1977–90","","BPM5 (Converted into BPM6 by IMF)","Estimate","","","","1987","Multiple Indicator Cluster Survey, 2006","","","","1986","",
"SRB","Serbia","Serbia","Republic of Serbia","RS","New Serbian dinar","Montenegro declared independence from Serbia and Montenegro on June 3, 2006. Where available, data for each country are shown separately. However, for Serbia, some indicators, such as those series for which data appear only for Serbia and not Montenegro--e.g., aid, environment, external debt, balance of payments, various social indicators excluding population--continue to include data for Montenegro through 2005. Moreover, data from 1999 onward for Serbia for most indicators exclude data for Kosovo, 1999 being the year when Kosovo became a territory under international administration pursuant to UN Security Council Resolution 1244 (1999); any exceptions are noted. Kosovo became a World Bank member on June 29, 2009; available data are shown separately for Kosovo. In 2011, the Statistical Office of Serbia improved the methodology of national accounts data for 2003 onward. Specifically, the classification of sectors was revised. The new reference year for chain linked series is 2010.","Europe & Central Asia","Upper middle income","YF","2010","","Value added at basic prices (VAB)","IBRD","","Country uses the 2008 System of National Accounts methodology","","Rolling","BPM6","Actual","General trade system","Consolidated central government","Enhanced General Data Dissemination System (e-GDDS)","2011","Multiple Indicator Cluster Survey, 2014","Expenditure survey/budget survey (ES/BS), 2016","Yes","2012","2014","2017",
"SSA","Sub-Saharan Africa (excluding high income)","Sub-Saharan Africa (excluding high income)","Sub-Saharan Africa (excluding high income)","ZF","","Sub-Saharan Africa regional aggregate (does not include high-income economies).","","","ZF","","","","","","","","","","","","","","","","","","","","",
"STP","São Tomé and Principe","São Tomé and Principe","Democratic Republic of São Tomé and Principe","ST","São Tomé and Principe dobra","The new base year is 2008.","Sub-Saharan Africa","Lower middle income","ST","2008","","Value added at basic prices (VAB)","IDA","HIPC","Country uses the 1993 System of National Accounts methodology","","2011","BPM6","Actual","Special trade system","Budgetary central government","Enhanced General Data Dissemination System (e-GDDS)","2012","Multiple Indicator Cluster Survey, 2014","Priority survey (PS), 2010","","2011/12","","2017",
"SWZ","Eswatini","Eswatini","Kingdom of Eswatini","SZ","Swazi lilangeni","Fiscal year end: March 31; reporting period for national accounts data: CY. Authorities revised national accounts from 1999 to 2015.","Sub-Saharan Africa","Lower middle income","SZ","2011","","Value added at basic prices (VAB)","IBRD","","Country uses the 2008 System of National Accounts methodology","","2011","BPM6","Actual","General trade system","Budgetary central government","Enhanced General Data Dissemination System (e-GDDS)","2007","Multiple Indicator Cluster Survey, 2014","Expenditure survey/budget survey (ES/BS), 2009/10","","","2011","2017",
"SYR","Syrian Arab Republic","Syrian Arab Republic","Syrian Arab Republic","SY","Syrian pound","","Middle East & North Africa","Low income","SY","2000","","Value added at basic prices (VAB)","IDA","","Country uses the 1968 System of National Accounts methodology","1970–2010","2011","BPM5 (Converted into BPM6 by IMF)","Estimate","Special trade system","Budgetary central government","Enhanced General Data Dissemination System (e-GDDS)","2004","Multiple Indicator Cluster Survey, 2006","Expenditure survey/budget survey (ES/BS), 2007","","","2005","2017",
"TCD","Chad","Chad","Republic of Chad","TD","Central African CFA franc","","Sub-Saharan Africa","Low income","TD","2005","","Value added at basic prices (VAB)","IDA","HIPC","Country uses the 1993 System of National Accounts methodology","","2011","BPM5 (Converted into BPM6 by IMF)","Estimate","Special trade system","","Enhanced General Data Dissemination System (e-GDDS)","2009","Demographic and Health Survey, 2014/15","Priority survey (PS), 2011","","","","2017",
"TGO","Togo","Togo","Republic of Togo","TG","West African CFA franc","","Sub-Saharan Africa","Low income","TG","2000","","Value added at producer prices (VAP)","IDA","HIPC","Country uses the 1993 System of National Accounts methodology","","2011","BPM6","Actual","Special trade system","Budgetary central government","Enhanced General Data Dissemination System (e-GDDS)","2010","Demographic and Health Survey, 2013/14","Core Welfare Indicator Questionnaire Survey (CWIQ), 2015","","2011-14","","2017",
"THA","Thailand","Thailand","Kingdom of Thailand","TH","Thai baht","Fiscal year end: September 30; reporting period for national accounts data: CY.","East Asia & Pacific","Upper middle income","TH","2002","","Value added at producer prices (VAP)","IBRD","","Country uses the 2008 System of National Accounts methodology","","2011","BPM6","Actual","Special trade system","Consolidated central government","Special Data Dissemination Standard (SDDS)","2010","Multiple Indicator Cluster Survey, 2012/13","Integrated household survey (IHS), 2014","","2013","2011","2017",
"TJK","Tajikistan","Tajikistan","Republic of Tajikistan","TJ","Tajik somoni","","Europe & Central Asia","Low income","TJ","Original chained constant price data are rescaled.","2000","Value added at basic prices (VAB)","IDA","","Country uses the 1993 System of National Accounts methodology","1990–95","2011","BPM6","Actual","General trade system","","Enhanced General Data Dissemination System (e-GDDS)","2010","Demographic and Health Survey, 2012","Expenditure survey/budget survey (ES/BS), 2015","","2013","","2017",
"TKM","Turkmenistan","Turkmenistan","Turkmenistan","TM","New Turkmen manat","","Europe & Central Asia","Upper middle income","TM","2005","","Value added at basic prices (VAB)","IBRD","","Country uses the 1993 System of National Accounts methodology","1987–95, 1997–2007","","BPM5 (Converted into BPM6 by IMF)","Estimate","","","","2012","Multiple Indicator Cluster Survey, 2015/16","Living Standards Measurement Study Survey (LSMS), 1998","","","","2017",
"TLS","Timor-Leste","Timor-Leste","Democratic Republic of Timor-Leste","TL","U.S. dollar","WB-3 code changed from TMP to TLS to align with ISO code.","East Asia & Pacific","Lower middle income","TP","2015","","Value added at basic prices (VAB)","Blend","","Country uses the 2008 System of National Accounts methodology","","","","","General trade system","","Enhanced General Data Dissemination System (e-GDDS)","2015","Demographic and Health Survey, 2016","Living Standards Measurement Study Survey (LSMS), 2014/15","","","","2017",
"TON","Tonga","Tonga","Kingdom of Tonga","TO","Tongan pa'anga","","East Asia & Pacific","Upper middle income","TO","2011","","Value added at basic prices (VAB)","IDA","","Country uses the 1993 System of National Accounts methodology","","2011 (household consumption only).","BPM6","Estimate","General trade system","Consolidated central government","Enhanced General Data Dissemination System (e-GDDS)","2006","Demographic and Health Survey, 2012","Integrated household survey (IHS), 2009","","2014","1981","2017",
"TUN","Tunisia","Tunisia","Republic of Tunisia","TN","Tunisian dinar","","Middle East & North Africa","Lower middle income","TN","2010","","Value added at basic prices (VAB)","IBRD","","Country uses the 1993 System of National Accounts methodology","","2011","BPM5 (Converted into BPM6 by IMF)","Actual","General trade system","Budgetary central government","Special Data Dissemination Standard (SDDS)","2014","Multiple Indicator Cluster Survey, 2011/12","Integrated household survey (IHS), 2015","","","2010","2017",
"TUR","Turkey","Turkey","Republic of Turkey","TR","New Turkish lira","The new base year is 2009","Europe & Central Asia","Upper middle income","TR","2009","","Value added at basic prices (VAB)","IBRD","","Country uses the 2008 System of National Accounts methodology","","Rolling","BPM6","Actual","Special trade system","Consolidated central government","Special Data Dissemination Standard (SDDS)","2011. Population data compiled from administrative registers in combination with other sources of data, such as a sample surveys.","Demographic and Health Survey, 2013","Expenditure survey/budget survey (ES/BS), 2014","Yes","2014","2014","2017",
"TZA","Tanzania","Tanzania","United Republic of Tanzania","TZ","Tanzanian shilling","Tanzania reports using a blend of SNA 1993 and SNA 2008.","Sub-Saharan Africa","Low income","TZ","2007","","Value added at basic prices (VAB)","IDA","HIPC","Country uses the 1993 System of National Accounts methodology","","2011","BPM6","Estimate","General trade system","Budgetary central government","Enhanced General Data Dissemination System (e-GDDS)","2012","Demographic and Health Survey, 2015/16","Expenditure survey/budget survey (ES/BS), 2011/12","","2007/08","2010","2017",
"UGA","Uganda","Uganda","Republic of Uganda","UG","Ugandan shilling","Fiscal year end: June 30; reporting period for national accounts data: FY.","Sub-Saharan Africa","Low income","UG","2009/10","","Value added at basic prices (VAB)","IDA","HIPC","Country uses the 2008 System of National Accounts methodology","","2011","BPM6","Actual","General trade system","Consolidated central government","Enhanced General Data Dissemination System (e-GDDS)","2014","Demographic and Health Survey, 2016","Integrated household survey (IHS), 2012/13","","2008/09","2000","2017",
"UKR","Ukraine","Ukraine","Ukraine","UA","Ukrainian hryvnia","","Europe & Central Asia","Lower middle income","UA","Original chained constant price data are rescaled.","2010","Value added at basic prices (VAB)","IBRD","","Country uses the 2008 System of National Accounts methodology","1987–95","2011","BPM6","Actual","General trade system","Consolidated central government","Special Data Dissemination Standard (SDDS)","2001","Multiple Indicator Cluster Survey, 2012","Integrated household survey (IHS), 2016","Yes","","2014","2017",
"UMC","Upper middle income","Upper middle income","Upper middle income","XT","","Upper middle income group aggregate. Upper-middle-income economies are those in which 2015 GNI per capita was between $4,036 and $12,475.","","","XT","","","","","","","","","","","","","","","","","","","","",
"UZB","Uzbekistan","Uzbekistan","Republic of Uzbekistan","UZ","Uzbek sum","","Europe & Central Asia","Lower middle income","UZ","Original chained constant price data are rescaled.","1997","Value added at basic prices (VAB)","Blend","","Country uses the 1993 System of National Accounts methodology","1990–95","","","Actual","General trade system","Consolidated central government","","1989","Multiple Indicator Cluster Survey, 2006","Expenditure survey/budget survey (ES/BS), 2013","Yes","","","2017",
"VCT","St. Vincent and the Grenadines","St. Vincent and the Grenadines","St. Vincent and the Grenadines","VC","East Caribbean dollar","","Latin America & Caribbean","Upper middle income","VC","2006","","Value added at basic prices (VAB)","Blend","","Country uses the 1993 System of National Accounts methodology","","2011","BPM6","Actual","Special trade system","Budgetary central government","Enhanced General Data Dissemination System (e-GDDS)","2012","","","Yes","","","2017",
"VEN","Venezuela","Venezuela, RB","República Bolivariana de Venezuela","VE","Venezuelan bolivar fuerte","","Latin America & Caribbean","Upper middle income","VE","1997","","Value added at basic prices (VAB)","IBRD","","Country uses the 1993 System of National Accounts methodology","","2011","BPM6","Estimate","General trade system","","Enhanced General Data Dissemination System (e-GDDS)","2011","Multiple Indicator Cluster Survey, 2000","Integrated household survey (IHS), 2015","","2008","1998","2016",
"VNM","Vietnam","Vietnam","Socialist Republic of Vietnam","VN","Vietnamese dong","","East Asia & Pacific","Lower middle income","VN","2010","","Value added at basic prices (VAB)","IBRD","","Country uses the 1993 System of National Accounts methodology","1991","2011","BPM6","Actual","General trade system","","Enhanced General Data Dissemination System (e-GDDS)","2009","Multiple Indicator Cluster Survey, 2013/14","Integrated household survey (IHS), 2014","Yes","2011","2013","2017",
"VUT","Vanuatu","Vanuatu","Republic of Vanuatu","VU","Vanuatu vatu","","East Asia & Pacific","Lower middle income","VU","2006","","Value added at basic prices (VAB)","IDA","","Country uses the 1993 System of National Accounts methodology","","2011 (household consumption only).","BPM6","Actual","General trade system","Budgetary central government","Enhanced General Data Dissemination System (e-GDDS)","2009","Multiple Indicator Cluster Survey, 2007/08","Integrated household survey (IHS), 2010","","2007","","2017",
"WSM","Samoa","Samoa","Samoa","WS","Samoan tala","Fiscal year ends on June 30; reporting period for national accounts data: FY. Data are revised from Samoa Bureau of Statistics and Central Bank of Samoa. The base year is 2008/09. Other methodological changes include increased reliance on summary data from the country’s Value Added Goods and Services Tax system, incorporation of more recent benchmarks, and use of improved data sources.","East Asia & Pacific","Upper middle income","WS","2008/09","","Value added at producer prices (VAP)","IDA","","Country uses the 1993 System of National Accounts methodology","","2011 (household consumption only).","BPM6","Actual","General trade system","Budgetary central government","Enhanced General Data Dissemination System (e-GDDS)","2016","Demographic and Health Survey, 2009","Expenditure survey/budget survey (ES/BS), 2008","","2009","","2017",
"XKX","Kosovo","Kosovo","Republic of Kosovo","XK","Euro","WB-3 code changed from KSV to XKX to align with ISO provisional code.","Europe & Central Asia","Lower middle income","XK","2008","","Value added at basic prices (VAB)","IDA","","Country uses the 1993 System of National Accounts methodology","","","BPM6","Actual","","","Enhanced General Data Dissemination System (e-GDDS)","2011","Multiple Indicator Cluster Survey, 2013/14","Expenditure survey/budget survey (ES/BS), 2015","","2014","","",
"YEM","Yemen","Yemen, Rep.","Republic of Yemen","YE","Yemeni rial","Based on official government statistics and International Monetary Fund data, national accounts data have been revised for 1990 onward. The exchange rate used for 2016 is official rate and not IFS rate. The base year has reverted to 1990.","Middle East & North Africa","Low income","RY","1990","","Value added at basic prices (VAB)","IDA","","Country uses the 1993 System of National Accounts methodology","1990–96","2011","BPM5 (Converted into BPM6 by IMF)","Actual","Special trade system","","Enhanced General Data Dissemination System (e-GDDS)","2004","Demographic and Health Survey, 2013","Expenditure survey/budget survey (ES/BS), 2014","","","2012","2017",
"ZAF","South Africa","South Africa","Republic of South Africa","ZA","South African rand","Fiscal year end: March 31; reporting period for national accounts data: CY.","Sub-Saharan Africa","Upper middle income","ZA","2010","","Value added at basic prices (VAB)","IBRD","","Country uses the 2008 System of National Accounts methodology","","2011","BPM6","Preliminary","General trade system","Consolidated central government","Special Data Dissemination Standard (SDDS)","2011","Demographic and Health Survey, 2003; World Health Survey, 2003","Expenditure survey/budget survey (ES/BS), 2014/15","","2007","2010","2017",
"ZMB","Zambia","Zambia","Republic of Zambia","ZM","New Zambian kwacha","The base year is 2010. National accounts data were rebased to reflect the January 1, 2013, introduction of the new Zambian kwacha at a rate of 1,000 old kwacha = 1 new kwacha. Zambia reports using SNA 2008.","Sub-Saharan Africa","Lower middle income","ZM","2010","","Value added at basic prices (VAB)","IDA","HIPC","Country uses the 2008 System of National Accounts methodology","1990–92","2011","BPM6","Actual","General trade system","Budgetary central government","Enhanced General Data Dissemination System (e-GDDS)","2010","Demographic and Health Survey, 2013/14","Integrated household survey (IHS), 2015","","","1994","2017",
"ZWE","Zimbabwe","Zimbabwe","Republic of Zimbabwe","ZW","U.S. dollar","Fiscal year end: June 30; reporting period for national accounts data: CY. As of January 2009, multiple hard currencies, such as rand, pound sterling, euro and U.S. dollar are in use. Data are reported in U.S. dollars, the most-used currency.","Sub-Saharan Africa","Low income","ZW","2009","","Value added at basic prices (VAB)","Blend","","Country uses the 1993 System of National Accounts methodology","1991, 1998","2011","BPM6","Actual","General trade system","Budgetary central government","Enhanced General Data Dissemination System (e-GDDS)","2012","Demographic and Health Survey, 2015","Integrated household survey (IHS), 2011/12","","","","2017",
